{
    "train_acc_mean": 0.8078571428571427,
    "train_acc_std": 0.26621784082872846,
    "val_acc_mean": 0.573,
    "val_acc_std": 0.16928614828154132,
    "test_acc_mean": 0.2574,
    "test_acc_std": 0.04803165622795034,
    "train_f1_mean": 0.7950330146220342,
    "train_f1_std": 0.29278768776843994,
    "val_f1_mean": 0.5469910598653979,
    "val_f1_std": 0.21385353074744545,
    "test_f1_mean": 0.209824293407116,
    "test_f1_std": 0.06722223624219753
}