{
    "train_acc_mean": 0.9564285714285715,
    "train_acc_std": 0.020063674150268787,
    "val_acc_mean": 0.6756,
    "val_acc_std": 0.02114332045824399,
    "test_acc_mean": 0.27149999999999996,
    "test_acc_std": 0.012491997438360278,
    "train_f1_mean": 0.9563851826725049,
    "train_f1_std": 0.019609193987550858,
    "val_f1_mean": 0.6690578570086538,
    "val_f1_std": 0.022524389635458768,
    "test_f1_mean": 0.24705833636634797,
    "test_f1_std": 0.005322869105957835
}