{
    "train_acc_mean": 0.9335714285714285,
    "train_acc_std": 0.13217374156459247,
    "val_acc_mean": 0.6728,
    "val_acc_std": 0.13139010617242078,
    "test_acc_mean": 0.2763,
    "test_acc_std": 0.037167324358904276,
    "train_f1_mean": 0.9272793103314889,
    "train_f1_std": 0.1504712712586208,
    "val_f1_mean": 0.6612790598558762,
    "val_f1_std": 0.12615837047592604,
    "test_f1_mean": 0.24520224658019033,
    "test_f1_std": 0.0341597329780042
}