{
    "train_acc_mean": 0.9971428571428571,
    "train_acc_std": 0.0034992710611188135,
    "val_acc_mean": 0.7316,
    "val_acc_std": 0.018927229062913557,
    "test_acc_mean": 0.2988,
    "test_acc_std": 0.0036551333764994164,
    "train_f1_mean": 0.9971410703118021,
    "train_f1_std": 0.0035014594732896112,
    "val_f1_mean": 0.7187204246922645,
    "val_f1_std": 0.020231817585729152,
    "test_f1_mean": 0.2663778325228648,
    "test_f1_std": 0.00531071114758224
}