{
    "train_acc_mean": 1.0,
    "train_acc_std": 0.0,
    "val_acc_mean": 0.6894,
    "val_acc_std": 0.01859139585937535,
    "test_acc_mean": 0.24980000000000002,
    "test_acc_std": 0.013310146505579877,
    "train_f1_mean": 1.0,
    "train_f1_std": 0.0,
    "val_f1_mean": 0.679407961990308,
    "val_f1_std": 0.016990684740781282,
    "test_f1_mean": 0.21849563406863953,
    "test_f1_std": 0.007633486688588933
}