{
    "train_acc_mean": 0.9221428571428572,
    "train_acc_std": 0.23357142857142854,
    "val_acc_mean": 0.6831999999999999,
    "val_acc_std": 0.11751493522101773,
    "test_acc_mean": 0.2753,
    "test_acc_std": 0.01578005069700348,
    "train_f1_mean": 0.9163297507830418,
    "train_f1_std": 0.2510107476508744,
    "val_f1_mean": 0.646999066667466,
    "val_f1_std": 0.1811001714889871,
    "test_f1_mean": 0.22991423690496937,
    "test_f1_std": 0.05203560720266497
}