{
    "train_acc_mean": 1.0,
    "train_acc_std": 0.0,
    "val_acc_mean": 0.7083999999999999,
    "val_acc_std": 0.01501465950329876,
    "test_acc_mean": 0.29100000000000004,
    "test_acc_std": 0.007496665925596516,
    "train_f1_mean": 1.0,
    "train_f1_std": 0.0,
    "val_f1_mean": 0.7036851451748317,
    "val_f1_std": 0.01321775588528469,
    "test_f1_mean": 0.2671506745302407,
    "test_f1_std": 0.005668530322407353
}