{
    "train_acc_mean": 0.9985714285714286,
    "train_acc_std": 0.002857142857142847,
    "val_acc_mean": 0.7230000000000001,
    "val_acc_std": 0.012529964086141678,
    "test_acc_mean": 0.3242,
    "test_acc_std": 0.010322790320451148,
    "train_f1_mean": 0.9985705351559011,
    "train_f1_std": 0.0028589296881979644,
    "val_f1_mean": 0.7100518874456341,
    "val_f1_std": 0.008963556007089328,
    "test_f1_mean": 0.2943306407008652,
    "test_f1_std": 0.00876006725537868
}