{
    "train_acc_mean": 0.9514285714285714,
    "train_acc_std": 0.03870347766898305,
    "val_acc_mean": 0.6628,
    "val_acc_std": 0.0503126226706579,
    "test_acc_mean": 0.3493,
    "test_acc_std": 0.02058178806615207,
    "train_f1_mean": 0.9497831760317779,
    "train_f1_std": 0.04171604396603699,
    "val_f1_mean": 0.6515584189294292,
    "val_f1_std": 0.0504830909192904,
    "test_f1_mean": 0.3203086265964542,
    "test_f1_std": 0.016426383725283294
}