{
    "train_acc_mean": 0.9478571428571427,
    "train_acc_std": 0.023046094007002416,
    "val_acc_mean": 0.6704000000000001,
    "val_acc_std": 0.031058654188486644,
    "test_acc_mean": 0.27480000000000004,
    "test_acc_std": 0.012073110618229249,
    "train_f1_mean": 0.9480049774087185,
    "train_f1_std": 0.02264951606229275,
    "val_f1_mean": 0.6677817806526729,
    "val_f1_std": 0.0286428071102863,
    "test_f1_mean": 0.2538959915401092,
    "test_f1_std": 0.0076922535742739735
}