{
    "train_acc_mean": 0.9992857142857143,
    "train_acc_std": 0.0021428571428571356,
    "val_acc_mean": 0.631,
    "val_acc_std": 0.018936736783300354,
    "test_acc_mean": 0.2185,
    "test_acc_std": 0.008593602271457529,
    "train_f1_mean": 0.9992852675779507,
    "train_f1_std": 0.0021441972661484735,
    "val_f1_mean": 0.6268529243546767,
    "val_f1_std": 0.019468921526310693,
    "test_f1_mean": 0.2022967942205859,
    "test_f1_std": 0.006942201389485661
}